<?xml version="1.0" encoding="UTF-8"?>
<project-private xmlns="http://www.netbeans.org/ns/project-private/1">
    <editor-bookmarks xmlns="http://www.netbeans.org/ns/editor-bookmarks/2" lastBookmarkId="0"/>
    <open-files xmlns="http://www.netbeans.org/ns/projectui-open-files/2">
        <group>
            <file>file:/D:/Documents/NetBeansProjects/SoftwareAnalysis/Labs/lab%2013%20-%20DOM/JSProblemSolver/js/framework/gui/ProblemPanel.js</file>
            <file>file:/D:/Documents/NetBeansProjects/SoftwareAnalysis/Labs/lab%2013%20-%20DOM/JSProblemSolver/solve.html</file>
            <file>file:/D:/Documents/NetBeansProjects/SoftwareAnalysis/Labs/lab%2013%20-%20DOM/JSProblemSolver/styles.css</file>
        </group>
    </open-files>
</project-private>
